{"cameraMode":{"drawMode":0,"name":"Shaded","section":"Shading Mode"},"sceneLighting":true,"audioPlay":false,"sceneViewState":{"showFog":true,"showMaterialUpdate":false,"showSkybox":true,"showFlares":true,"showImageEffects":true,"showParticleSystems":true},"in2DMode":false,"pivot":{"x":-2.1795196533203127,"y":1.7050096988677979,"z":10.81013298034668},"rotation":{"x":-0.1179971769452095,"y":0.5122811198234558,"z":-0.07130610942840576,"w":-0.8476831316947937},"size":10.0,"orthographic":false}