{"cameraMode":{"drawMode":0,"name":"Shaded","section":"Shading Mode"},"sceneLighting":true,"audioPlay":false,"sceneViewState":{"showFog":true,"showMaterialUpdate":false,"showSkybox":true,"showFlares":true,"showImageEffects":true,"showParticleSystems":true},"in2DMode":false,"pivot":{"x":26.144441604614259,"y":6.329850196838379,"z":-75.62834167480469},"rotation":{"x":0.0032127148006111385,"y":-0.9880112409591675,"z":-0.020751267671585084,"w":-0.15295569598674775},"size":47.042327880859378,"orthographic":false}