{"cameraMode":{"drawMode":0,"name":"Shaded","section":"Shading Mode"},"sceneLighting":true,"audioPlay":false,"sceneViewState":{"showFog":true,"showMaterialUpdate":false,"showSkybox":true,"showFlares":true,"showImageEffects":true,"showParticleSystems":true},"in2DMode":false,"pivot":{"x":-2.029716730117798,"y":12.601970672607422,"z":8.82795238494873},"rotation":{"x":0.040119536221027377,"y":0.9400519132614136,"z":-0.31728100776672366,"w":0.11910010129213333},"size":10.0,"orthographic":false}